,pick,class,player,minutes_per,off_reb_per,def_reb_per,assist_per,block_per,steal_per,free_throw_per,two_point_per,three_point_per
0,46,Sr,A.J. Hammons,57.5,11.5,24.8,10.5,10.4,0.7,37.8,0.594,0.545
1,52,Sr,A.J. Price,73.0,2.1,9.2,28.5,0.0,1.2,30.3,0.422,0.398
2,4,Fr,Aaron Gordon,77.1,10.4,19.3,13.0,3.4,1.8,47.1,0.513,0.35600000000000004
3,23,Jr,Aaron Holiday,92.1,1.6,8.7,29.9,0.7,1.9,41.7,0.486,0.429
4,14,Fr,Aaron Nesmith,72.2,4.2,17.3,10.8,2.1,1.4,27.5,0.474,0.337
5,49,Sr,Aaron White,78.1,7.7,18.5,10.2,1.7,2.6,72.6,0.5579999999999999,0.35600000000000004
6,58,Sr,Abdel Nader,76.9,2.9,14.3,8.0,2.2,1.9,31.5,0.5529999999999999,0.371
7,42,Sr,Admiral Schofield,78.2,4.5,16.3,11.7,1.7,1.6,17.6,0.502,0.422
8,15,Sr,Adreian Payne,56.7,6.8,22.9,10.2,3.8,1.0,39.0,0.536,0.423
9,56,Sr,Ahmad Nivins,96.5,12.5,22.6,6.1,4.6,1.3,77.0,0.614,0.0
10,8,So,Al-Farouq Aminu,76.4,14.6,20.5,9.1,4.5,2.6,53.2,0.484,0.273
11,50,Sr,Alec Brown,73.3,7.7,12.6,7.7,9.7,1.1,34.5,0.5,0.446
12,12,So,Alec Burks,78.2,9.1,14.7,19.8,1.0,2.0,57.8,0.511,0.295
13,54,Sr,Alec Peters,76.3,8.0,23.2,15.0,1.0,1.2,42.8,0.514,0.369
14,5,So,Alex Len,65.8,13.2,19.3,7.8,8.0,0.5,47.2,0.544,0.125
15,57,Sr,Alex Oriakhi,64.1,14.1,21.5,2.6,6.4,1.3,65.7,0.639,0.0
16,50,Sr,Alize Johnson,78.5,11.5,30.6,19.2,1.5,0.8,37.0,0.514,0.28
17,31,Jr,Allen Crabbe,90.2,3.3,14.8,16.2,1.9,1.9,29.7,0.532,0.348
18,9,Fr,Andre Drummond,70.3,14.2,15.5,3.4,9.9,1.8,30.1,0.541,0.0
19,26,Jr,Andre Roberson,77.3,10.6,27.1,9.4,4.4,3.9,35.6,0.521,0.328
20,46,Sr,Andrew Goudelock,88.0,2.3,9.9,26.4,0.5,1.5,19.2,0.496,0.407
21,44,So,Andrew Harrison,63.1,1.7,8.1,26.0,0.9,2.5,59.6,0.376,0.383
22,19,Sr,Andrew Nicholson,74.3,11.2,22.8,9.4,7.3,1.3,42.9,0.593,0.434
23,1,Fr,Andrew Wiggins,81.4,8.4,12.3,9.2,3.1,2.1,53.8,0.493,0.341
24,38,Sr,Andy Rautins,81.2,2.0,8.8,23.9,0.8,3.4,27.3,0.5710000000000001,0.407
25,1,Fr,Anthony Bennett,67.8,9.9,21.3,8.2,4.3,1.5,46.0,0.5760000000000001,0.383
26,34,Sr,Anthony Brown,87.7,3.8,18.8,15.2,0.6,1.3,35.8,0.424,0.441
27,1,Fr,Anthony Davis,80.1,11.6,23.9,7.5,13.7,2.5,60.2,0.653,0.15
28,1,Fr,Anthony Edwards,81.3,2.4,14.5,17.9,1.6,2.3,33.8,0.502,0.29100000000000004
29,14,Fr,Anthony Randolph,81.7,9.8,18.3,8.4,6.7,2.0,42.6,0.476,0.105
30,29,Fr,Archie Goodwin,78.8,5.6,10.4,16.8,1.4,2.1,59.4,0.478,0.266
31,34,Jr,Armon Johnson,86.4,2.7,7.7,29.8,0.9,1.4,26.7,0.536,0.243
32,27,Jr,Arnett Moultrie,79.5,12.2,21.7,7.0,2.1,1.4,48.5,0.555,0.444
33,54,Sr,Arsalan Kazemi,67.5,11.5,29.0,9.2,2.4,4.1,79.5,0.598,0.0
34,15,So,Austin Daye,65.4,4.7,22.1,8.1,8.1,1.6,32.4,0.49,0.45
35,10,Fr,Austin Rivers,82.4,2.2,9.2,13.0,0.1,1.7,45.8,0.477,0.365
36,19,Fr,Avery Bradley,72.9,3.5,6.6,12.4,1.6,2.4,17.9,0.457,0.375
37,51,So,Ben Bentil,84.7,8.4,16.7,8.0,3.1,1.4,46.5,0.517,0.329
38,7,Fr,Ben McLemore,79.1,5.0,12.3,12.6,2.2,1.8,34.5,0.5529999999999999,0.42
39,1,Fr,Ben Simmons,86.5,9.6,26.8,27.4,2.5,3.1,76.9,0.561,0.333
40,33,Sr,Bernard James,68.9,13.6,19.7,3.6,9.5,1.6,44.8,0.606,0.0
41,1,So,Blake Griffin,80.6,14.2,32.2,16.3,3.6,1.9,70.6,0.659,0.375
42,22,So,Bobby Portis,74.2,13.6,20.2,8.8,4.8,2.1,33.5,0.541,0.467
43,3,Fr,Bradley Beal,84.7,4.8,18.1,12.7,2.6,2.5,44.0,0.541,0.339
44,56,Sr,Branden Dawson,65.7,11.9,23.5,12.2,6.3,2.5,30.6,0.535,0.0
45,21,Jr,Brandon Clarke,70.2,13.9,19.7,12.1,10.8,2.3,42.0,0.705,0.267
46,2,Fr,Brandon Ingram,85.9,6.1,15.4,11.3,3.6,1.9,35.1,0.464,0.41
47,8,Fr,Brandon Knight,89.4,2.2,10.2,23.4,0.6,1.1,33.3,0.461,0.377
48,13,Jr,Brandon Rush,71.0,6.4,13.1,12.4,3.2,1.6,20.8,0.445,0.418
49,25,Sr,Brice Johnson,70.1,11.7,28.5,9.7,5.5,2.2,42.3,0.614,0.0
50,10,So,Brook Lopez,56.8,11.1,19.3,11.3,6.8,1.2,49.4,0.475,0.0
51,42,Fr,Bruce Brown,79.5,5.6,15.3,20.7,1.9,2.9,41.4,0.513,0.34700000000000003
52,42,So,Bruce Brown Jr.,49.6,4.6,20.0,21.3,2.5,2.3,37.2,0.484,0.267
53,34,So,Bruno Fernando,74.9,12.0,27.5,14.5,7.0,1.3,50.9,0.618,0.3
54,6,Sr,Buddy Hield,87.6,4.0,13.0,12.7,1.4,1.8,33.3,0.552,0.457
55,24,Fr,Byron Mullens,50.3,11.6,17.1,3.3,6.8,1.5,49.5,0.642,0.0
56,10,Jr,C.J. McCollum,83.6,5.0,17.4,25.4,1.8,4.6,42.7,0.489,0.349
57,28,Sr,C.J. Wilcox,86.5,2.3,10.6,15.4,2.8,1.7,27.1,0.522,0.391
58,46,So,CJ Elleby,82.9,3.8,23.1,13.4,2.5,2.9,29.5,0.439,0.339
59,55,Sr,Cady Lalanne,72.0,13.5,23.4,2.4,6.5,1.2,57.2,0.5820000000000001,0.16699999999999998
60,26,So,Caleb Swanigan,80.5,10.7,32.7,18.7,2.5,0.8,49.9,0.5479999999999999,0.447
61,10,Fr,Cam Reddish,70.1,2.0,10.6,10.7,1.9,2.9,26.4,0.394,0.333
62,49,Sr,Cameron Bairstow,81.1,8.5,16.6,11.8,4.9,1.0,70.0,0.5579999999999999,0.333
63,11,Sr,Cameron Johnson,74.6,6.5,13.4,13.8,1.1,2.1,26.3,0.5529999999999999,0.457
64,14,So,Cameron Payne,81.4,2.3,10.7,39.8,1.6,3.2,31.3,0.507,0.373
65,20,Jr,Caris LeVert,48.2,1.0,15.9,22.9,1.2,3.4,28.7,0.426,0.384
66,33,Sr,Carrick Felix,86.7,7.1,18.5,9.6,3.2,2.4,32.3,0.573,0.374
67,33,Jr,Carsen Edwards,87.3,1.3,10.7,18.3,1.0,2.3,31.4,0.44,0.355
68,54,Fr,Cassius Stanley,63.1,7.6,11.7,6.6,2.4,1.4,38.9,0.527,0.36
69,53,Sr,Cassius Winston,78.9,0.7,7.1,36.3,0.1,2.1,32.7,0.459,0.4320000000000001
70,22,Sr,Chandler Hutchison,74.3,3.2,25.6,23.6,1.0,2.8,51.4,0.525,0.35
71,38,Sr,Chandler Parsons,81.1,7.3,19.3,21.6,1.3,1.7,30.0,0.544,0.368
72,44,Sr,Charles Jenkins,92.4,1.6,8.6,31.3,1.8,2.7,46.3,0.555,0.414
73,44,Jr,Chase Budinger,93.7,4.9,14.8,19.0,1.4,2.3,34.2,0.528,0.399
74,49,Jr,Chimezie Metu,72.1,7.3,21.2,10.0,6.3,1.5,38.8,0.5479999999999999,0.3
75,37,So,Chinanu Onuaku,61.5,13.7,25.8,12.9,9.6,1.9,25.3,0.623,0.0
76,59,Jr,Chinemelu Elonu,59.1,13.8,21.5,2.9,6.7,0.8,59.5,0.6629999999999999,0.0
77,40,Jr,Chris Douglas-Roberts,71.2,5.0,10.5,12.8,1.6,2.4,47.2,0.578,0.413
78,18,Jr,Chris Singleton,59.6,8.2,17.0,8.9,5.9,3.9,44.1,0.466,0.368
79,16,So,Chuma Okeke,69.0,11.0,16.6,12.6,5.5,3.7,26.8,0.574,0.388
80,34,Sr,Cleanthony Early,68.5,5.6,19.0,6.1,3.4,1.7,46.0,0.579,0.376
81,7,Fr,Coby White,69.2,1.3,11.4,24.4,1.3,2.0,29.3,0.502,0.35200000000000004
82,36,Sr,Cody Martin,86.1,3.0,11.1,25.6,2.3,2.2,32.6,0.5760000000000001,0.358
83,4,So,Cody Zeller,73.3,12.4,18.7,9.4,4.4,2.1,73.2,0.565,0.0
84,11,Jr,Cole Aldrich,66.4,13.6,25.4,5.8,13.0,1.6,60.0,0.562,0.0
85,15,Fr,Cole Anthony,57.2,1.4,16.4,23.9,0.9,2.1,37.1,0.402,0.348
86,8,Fr,Collin Sexton,68.6,4.0,9.7,27.8,0.3,1.6,57.5,0.495,0.336
87,53,Sr,Colton Iverson,74.7,13.2,26.4,10.0,2.8,0.9,73.9,0.589,0.0
88,60,Sr,Cory Jefferson,72.3,11.3,20.9,7.7,4.6,0.8,56.6,0.508,0.378
89,29,Fr,Cory Joseph,80.4,2.2,9.5,17.3,0.9,1.9,22.7,0.429,0.413
90,22,Sr,Courtney Lee,74.3,5.4,14.0,15.5,3.0,3.3,34.3,0.493,0.399
91,21,Jr,Craig Brackins,86.5,6.6,19.4,13.1,3.3,1.3,33.7,0.446,0.31
92,2,Fr,D'Angelo Russell,84.3,3.6,15.4,30.1,1.1,2.8,30.3,0.479,0.411
93,9,So,D.J. Augustin,94.0,1.5,6.9,30.6,0.0,1.9,40.7,0.472,0.381
94,29,Sr,D.J. White,82.8,11.3,24.0,5.2,5.4,1.4,57.7,0.607,0.333
95,17,So,D.J. Wilson,75.2,6.7,16.3,8.5,5.2,1.0,19.7,0.631,0.373
96,42,Sr,Da'Sean Butler,87.9,5.0,15.4,19.2,1.3,1.7,42.3,0.452,0.354
97,35,Jr,DaJuan Summers,72.4,5.3,11.5,9.7,2.5,2.4,47.1,0.552,0.385
98,48,So,Dakari Johnson,40.3,13.4,19.1,8.9,6.1,1.4,92.3,0.506,0.0
99,30,Jr,Damian Jones,65.1,9.9,17.3,10.2,5.9,0.5,53.8,0.595,0.0
100,6,Jr,Damian Lillard,87.2,1.9,14.1,28.0,0.7,2.5,51.4,0.504,0.396
101,24,Sr,Damion James,74.8,11.0,23.9,6.1,3.6,3.0,54.9,0.535,0.383
102,44,Sr,Damyean Dotson,85.4,5.0,18.2,6.9,0.6,1.6,12.3,0.505,0.443
103,38,So,Daniel Gafford,67.0,11.2,22.7,6.0,8.4,1.8,59.8,0.659,0.0
104,56,So,Daniel Hamilton,79.0,3.5,26.8,29.0,1.5,2.0,24.3,0.416,0.331
105,33,So,Daniel Oturu,84.2,12.0,23.3,7.6,7.1,1.0,42.8,0.59,0.365
106,46,Sr,Danny Green,68.6,6.8,10.3,16.3,4.4,3.4,15.5,0.508,0.414
107,33,Sr,Dante Cunningham,78.6,9.5,17.0,8.8,4.8,2.2,38.3,0.527,0.0
108,37,Jr,Darington Hobson,83.3,7.0,24.6,29.3,1.6,2.2,45.3,0.465,0.361
109,55,Sr,Darius Johnson-Odom,80.0,2.3,9.2,17.7,0.4,1.6,35.1,0.493,0.385
110,46,Sr,Darius Miller,65.2,4.3,7.3,14.3,1.2,1.9,22.8,0.569,0.376
111,41,So,Darius Morris,86.4,3.3,10.9,43.9,0.1,1.9,37.4,0.531,0.246
112,52,Sr,Darnell Jackson,60.4,10.2,20.8,8.2,2.1,1.8,55.3,0.635,0.333
113,27,So,Darrell Arthur,61.4,12.1,17.0,6.7,6.2,1.1,27.5,0.556,0.16699999999999998
114,21,Sr,Darren Collison,78.5,1.9,7.9,28.4,0.5,3.1,36.6,0.5579999999999999,0.394
115,38,Sr,Darrun Hilliard,69.4,2.0,10.7,15.9,1.3,3.8,26.7,0.5,0.387
116,32,Sr,Davon Reed,87.9,2.9,13.1,14.4,1.5,2.3,29.0,0.474,0.397
117,5,Fr,De'Aaron Fox,69.8,2.1,12.2,28.6,0.7,2.7,47.1,0.52,0.246
118,4,So,De'Andre Hunter,80.4,5.6,13.4,13.0,2.4,1.2,39.8,0.55,0.438
119,46,Fr,De'Anthony Melton,67.3,6.0,13.6,22.5,3.9,4.1,47.2,0.51,0.284
120,35,Fr,DeAndre Jordan,48.1,11.0,22.0,4.4,6.5,0.5,65.0,0.605,0.0
121,53,Jr,DeAndre Liggins,78.8,2.2,11.8,14.2,2.3,2.3,39.8,0.442,0.391
122,21,Jr,DeAndre' Bembry,92.8,4.3,18.0,24.1,2.5,2.2,35.8,0.5529999999999999,0.266
123,37,So,DeJuan Blair,64.5,23.7,27.6,9.3,3.6,3.5,44.7,0.584,0.0
124,9,Fr,DeMar DeRozan,82.8,9.3,11.6,9.6,1.2,1.6,40.1,0.562,0.16699999999999998
125,5,Fr,DeMarcus Cousins,58.2,19.9,24.9,9.2,7.5,2.4,72.6,0.565,0.16699999999999998
126,27,Sr,DeMarre Carroll,70.0,9.3,18.6,15.2,2.4,3.1,43.3,0.579,0.364
127,50,Sr,DeVon Hardin,53.5,9.4,26.4,5.3,5.9,1.4,74.6,0.5539999999999999,0.0
128,1,Fr,Deandre Ayton,82.5,13.5,28.2,10.2,6.1,1.0,42.4,0.635,0.343
129,21,So,Deandre Bembry,95.0,4.6,18.7,24.4,2.7,3.1,34.7,0.484,0.327
130,37,Jr,Deandre Daniels,68.4,6.3,16.8,3.6,5.2,1.4,22.2,0.491,0.417
131,29,Fr,Dejounte Murray,82.2,4.1,13.7,25.7,0.8,2.8,34.2,0.457,0.28800000000000003
132,20,Sr,Delon Wright,83.7,4.1,13.6,32.8,3.2,3.9,57.1,0.5489999999999999,0.35600000000000004
133,45,Jr,Demetrius Jackson,87.1,3.1,7.9,25.1,0.8,2.1,32.5,0.525,0.331
134,9,Fr,"Dennis Smith, Jr.",86.4,2.7,11.5,34.2,1.2,3.1,47.6,0.509,0.359
135,14,Sr,Denzel Valentine,72.5,3.0,21.1,45.8,0.7,1.9,21.4,0.481,0.444
136,59,Sr,Deron Washington,81.6,6.9,15.6,14.2,2.1,1.7,62.0,0.451,0.269
137,40,Jr,Derrick Brown,71.7,10.2,13.9,14.8,2.9,1.4,40.0,0.523,0.414
138,58,Jr,Derrick Caracter,53.9,12.0,21.7,9.0,3.6,2.1,45.6,0.585,0.267
139,3,Fr,Derrick Favors,69.2,12.5,20.2,7.3,7.8,1.8,47.6,0.617,0.0
140,1,Fr,Derrick Rose,72.5,5.0,11.7,30.4,1.3,2.3,47.0,0.521,0.337
141,29,Sr,Derrick White,81.6,3.5,10.7,28.3,4.8,2.2,43.5,0.57,0.401
142,2,So,Derrick Williams,74.1,11.8,21.9,8.7,2.3,1.9,87.1,0.601,0.568
143,58,Jr,Deshaun Thomas,88.1,5.8,14.0,8.6,1.0,0.9,28.9,0.501,0.344
144,30,Sr,Desmond Bane,89.6,4.6,16.6,26.0,1.6,2.4,13.3,0.45,0.439
145,13,Fr,Devin Booker,51.9,2.6,7.8,10.9,0.3,1.3,22.3,0.527,0.411
146,43,So,Devin Ebanks,75.1,9.5,18.0,14.7,2.2,1.9,48.3,0.495,0.1
147,11,So,Devin Vassell,69.0,5.2,15.4,11.2,4.1,2.8,22.1,0.532,0.415
148,53,Sr,Devon Hall,79.9,1.4,14.9,19.6,0.6,1.8,29.2,0.472,0.4320000000000001
149,34,Sr,Devonte' Graham,94.2,2.0,9.6,31.4,0.1,2.4,40.6,0.392,0.406
150,59,So,Dewan Huell,64.0,9.3,20.9,3.4,4.1,1.1,40.4,0.583,0.0
151,32,Sr,Dexter Pittman,47.1,16.6,15.3,5.1,8.9,1.0,63.1,0.654,0.0
152,31,Fr,Deyonta Davis,46.1,13.6,19.0,7.5,10.2,0.8,19.1,0.598,0.0
153,40,Fr,Diamond Stone,55.1,13.0,15.3,4.1,7.2,1.3,44.6,0.568,0.0
154,45,Jr,Dillon Brooks,56.9,4.7,9.9,23.0,2.0,2.5,29.6,0.526,0.404
155,4,So,Dion Waiters,60.0,2.4,8.2,21.2,1.5,4.6,33.1,0.529,0.363
156,11,So,Domantas Sabonis,79.9,11.6,28.2,11.4,2.7,1.1,51.3,0.615,0.35700000000000004
157,25,Jr,Dominique Jones,92.0,3.6,14.9,24.4,1.6,2.8,57.2,0.521,0.311
158,13,So,Donovan Mitchell,80.1,3.7,12.9,16.0,1.7,3.7,24.3,0.463,0.354
159,17,So,Donte DiVincenzo,72.5,4.9,13.8,20.0,0.7,2.1,27.4,0.575,0.401
160,28,Fr,Donte Greene,89.2,5.4,15.6,10.6,4.8,2.0,25.5,0.4920000000000001,0.345
161,42,So,Doron Lamb,78.1,1.5,7.7,8.8,0.2,0.9,40.4,0.481,0.466
162,11,Sr,Doug McDermott,84.4,6.4,17.8,11.5,0.5,0.4,32.9,0.5670000000000001,0.449
163,35,Sr,Draymond Green,82.8,8.2,28.5,24.2,3.4,2.7,36.7,0.473,0.388
164,40,So,Dwayne Bacon,72.0,4.0,11.9,11.6,0.4,1.9,28.2,0.516,0.333
165,60,Sr,Dwayne Collins,54.6,14.3,21.6,10.5,5.1,1.5,74.8,0.612,0.0
166,45,Sr,Dwight Powell,80.8,7.3,17.3,20.4,2.8,2.4,55.7,0.485,0.256
167,26,Sr,Dylan Windler,83.7,6.8,27.2,13.4,1.7,2.4,30.5,0.66,0.425
168,55,Sr,E'Twaun Moore,84.4,5.1,12.5,20.9,1.6,2.2,28.5,0.473,0.4
169,14,Jr,Earl Clark,85.4,9.1,18.7,18.2,4.1,1.7,31.4,0.493,0.326
170,13,So,Ed Davis,43.0,10.8,24.2,6.8,9.5,0.9,68.8,0.578,0.0
171,52,So,Edmond Sumner,45.6,1.8,13.5,30.3,2.7,2.3,64.5,0.5329999999999999,0.273
172,14,Fr,Edrice Adebayo,75.1,11.2,17.2,4.7,4.9,1.2,83.1,0.601,0.0
173,6,Jr,Ekpe Udoh,88.0,12.8,17.6,14.7,11.0,1.4,41.4,0.4970000000000001,0.269
174,10,Jr,Elfrid Payton,90.2,7.2,12.0,32.3,1.5,3.6,64.6,0.534,0.259
175,39,Jr,Elijah Hughes,91.1,1.3,13.3,20.1,2.9,1.8,35.8,0.508,0.342
176,22,So,Elliot Williams,83.3,2.7,11.3,24.0,0.4,2.4,66.0,0.527,0.366
177,18,Fr,Eric Bledsoe,73.1,2.0,8.6,16.8,1.1,2.6,39.4,0.516,0.383
178,7,Fr,Eric Gordon,83.1,2.6,8.0,15.2,2.0,2.3,65.2,0.525,0.337
179,20,Sr,Eric Maynor,88.0,1.6,10.0,40.8,0.5,2.9,45.3,0.516,0.361
180,41,Sr,Eric Paschall,89.3,4.2,16.0,12.9,1.6,1.2,41.5,0.532,0.348
181,46,Sr,Erick Green,89.7,1.4,10.6,27.0,0.6,2.1,48.5,0.509,0.389
182,49,Sr,Erik Murphy,64.3,7.8,17.4,11.0,3.1,1.5,16.0,0.579,0.453
183,2,Jr,Evan Turner,74.4,7.4,23.5,37.5,2.9,3.0,39.8,0.54,0.364
184,22,So,Fab Melo,51.4,12.3,13.5,5.0,13.0,1.2,34.7,0.5660000000000001,0.0
185,30,Sr,Festus Ezeli,41.4,13.0,17.4,2.9,9.0,1.1,84.2,0.539,0.0
186,31,Fr,Frank Jackson,60.5,3.1,8.2,12.6,0.2,1.3,36.3,0.539,0.395
187,9,Sr,Frank Kaminsky,81.4,6.0,25.7,18.4,4.5,1.7,41.0,0.581,0.416
188,34,So,Frank Mason,83.5,2.2,10.4,24.7,0.3,2.5,41.2,0.446,0.429
189,34,Sr,Frank Mason III,89.4,2.0,10.4,26.1,0.2,2.0,48.4,0.5,0.471
190,46,Jr,Gani Lawal,64.6,13.2,21.7,3.6,5.7,1.0,68.2,0.525,0.0
191,19,So,Gary Harris,73.7,4.0,10.2,16.8,1.6,3.4,31.2,0.507,0.35200000000000004
192,37,Fr,Gary Trent Jr.,83.8,2.9,10.3,6.8,0.4,2.0,22.7,0.43,0.402
193,26,Jr,George Hill,86.6,5.5,18.7,26.2,1.7,3.0,62.8,0.5710000000000001,0.433
194,59,Sr,George King,70.5,7.2,23.2,8.2,2.6,1.1,27.3,0.494,0.395
195,50,Sr,Georges Niang,82.1,4.8,15.6,19.2,1.8,1.5,23.0,0.605,0.392
196,12,Jr,Gerald Henderson,74.1,4.7,14.4,18.0,2.4,2.4,39.7,0.49,0.336
197,35,Jr,Glen Rice,50.4,8.0,18.8,19.1,3.3,2.8,29.6,0.541,0.333
198,40,So,Glenn Robinson III,80.1,6.0,11.5,7.6,1.0,1.9,30.8,0.562,0.306
199,50,Sr,Goran Suton,56.3,12.8,23.9,11.9,2.2,2.6,33.5,0.5429999999999999,0.438
200,9,So,Gordon Hayward,81.2,7.6,23.4,12.1,2.8,2.0,57.9,0.5920000000000001,0.294
201,21,Jr,Gorgui Dieng,63.1,12.9,22.1,12.3,9.4,2.6,47.9,0.534,0.0
202,40,Fr,Grant Jerrett,43.1,7.6,16.4,5.7,5.8,1.6,14.3,0.413,0.405
203,56,Sr,Grant Riller,84.0,1.9,15.2,30.5,1.0,2.9,46.2,0.5489999999999999,0.364
204,22,Jr,Grant Williams,78.6,8.8,17.4,18.3,5.3,2.0,63.7,0.596,0.318
205,21,Sr,Grayson Allen,88.3,1.8,8.0,21.2,0.2,2.8,29.3,0.503,0.37
206,7,So,Greg Monroe,85.6,8.6,25.2,22.4,4.9,2.2,54.3,0.545,0.259
207,28,Sr,Greivis Vasquez,84.8,3.9,10.3,35.3,1.0,2.9,31.8,0.472,0.36
208,56,Sr,Hamady Ndiaye,70.3,9.3,17.2,3.2,14.6,0.9,60.3,0.5820000000000001,0.0
209,45,Fr,Hamidou Diallo,61.8,4.2,11.5,9.5,1.6,1.8,40.3,0.458,0.338
210,7,So,Harrison Barnes,72.9,6.9,11.0,7.2,1.1,2.0,37.4,0.469,0.358
211,2,Jr,Hasheem Thabeet,75.1,13.4,21.7,3.0,11.9,1.2,78.3,0.644,0.0
212,33,Fr,Hassan Whiteside,65.6,12.0,24.0,1.8,18.3,1.2,58.8,0.504,0.6
213,18,Fr,Henry Ellenson,82.6,7.8,24.1,11.0,4.4,1.4,43.9,0.495,0.28800000000000003
214,47,Fr,Henry Walker,64.3,9.8,15.6,14.7,2.1,1.6,34.6,0.532,0.304
215,47,Fr,Ignas Brazdeikis,74.1,4.6,16.1,6.1,1.7,1.5,36.9,0.5,0.392
216,17,Jr,Iman Shumpert,79.4,5.8,16.4,25.7,0.7,5.0,40.1,0.474,0.278
217,25,So,Immanuel Quickley,78.9,2.1,11.9,11.7,0.5,1.6,47.1,0.409,0.428
218,5,Fr,Isaac Okoro,69.3,6.4,8.8,13.1,3.1,1.7,54.9,0.603,0.28600000000000003
219,34,Sr,Isaiah Canaan,91.2,1.7,9.1,27.7,0.4,2.6,37.9,0.489,0.371
220,59,Sr,Isaiah Cousins,82.4,2.1,11.9,25.1,0.8,2.3,23.3,0.403,0.411
221,49,So,Isaiah Joe,72.1,1.7,11.5,10.0,0.8,2.2,25.3,0.447,0.342
222,45,Jr,Isaiah Roby,77.8,6.6,17.8,12.5,6.4,2.4,40.8,0.496,0.333
223,16,Fr,Isaiah Stewart,80.2,10.6,19.4,6.3,7.0,0.9,59.1,0.59,0.25
224,60,Jr,Isaiah Thomas,79.1,2.5,9.5,32.7,0.2,2.3,49.8,0.512,0.349
225,42,So,Isaiah Whitehead,80.4,1.8,9.8,33.0,4.5,2.1,38.3,0.39,0.365
226,35,So,Ivan Rabb,73.3,10.7,25.7,10.9,3.3,1.3,59.9,0.49,0.4
227,58,Jr,J.P. Tokoto,71.6,6.5,14.4,24.3,1.3,3.0,43.2,0.435,0.375
228,30,Sr,J.R. Giddens,78.7,6.6,27.0,22.5,4.9,2.7,38.6,0.557,0.333
229,19,Fr,JJ Hickson,69.4,12.3,22.8,10.0,5.0,1.5,71.6,0.5920000000000001,0.0
230,2,So,Ja Morant,93.5,4.1,12.6,51.4,2.2,2.4,51.0,0.545,0.368
231,27,Sr,JaJuan Johnson,88.1,7.9,20.2,6.4,6.7,1.5,40.2,0.516,0.294
232,18,So,JaVale McGee,68.8,10.7,18.5,4.9,9.3,1.7,39.0,0.556,0.325
233,56,Sr,Jabari Bird,62.5,3.5,13.2,7.7,0.8,1.3,17.3,0.536,0.365
234,2,Fr,Jabari Parker,76.4,11.4,23.1,8.7,4.0,2.1,42.9,0.504,0.358
235,51,Sr,Jack McClinton,79.8,2.0,8.8,21.1,0.1,1.4,29.5,0.45,0.452
236,28,Jr,Jacob Evans III,76.9,5.2,12.0,20.0,3.7,2.6,30.2,0.47,0.37
237,28,Fr,Jaden McDaniels,74.6,4.4,15.7,14.4,4.4,1.4,33.9,0.445,0.339
238,34,Sr,Jae Crowder,82.4,7.0,20.5,13.5,3.1,4.3,37.2,0.602,0.345
239,3,Fr,Jahlil Okafor,72.8,14.8,18.2,9.4,4.5,1.5,46.2,0.664,0.0
240,43,Fr,Jahmi'us Ramsey,66.8,3.0,12.3,16.1,2.5,2.5,23.2,0.451,0.426
241,47,Sr,Jake Layman,79.1,4.3,14.4,6.8,3.4,2.1,32.9,0.604,0.399
242,9,So,Jakob Poeltl,75.4,11.9,22.0,13.9,4.8,1.2,66.6,0.64,0.0
243,33,Jr,Jalen Brunson,78.8,1.2,9.7,26.6,0.1,1.7,31.3,0.599,0.408
244,59,Jr,Jalen Harris,79.6,2.5,17.5,26.5,0.5,1.9,32.8,0.495,0.362
245,52,So,Jalen McDaniels,78.3,7.3,22.7,15.9,1.9,2.1,28.3,0.5,0.306
246,10,So,Jalen Smith,78.1,11.5,25.4,6.1,8.3,1.3,47.4,0.604,0.368
247,41,Jr,Jamaal Franklin,82.6,5.6,26.3,21.7,2.3,3.0,55.6,0.478,0.279
248,7,Fr,Jamal Murray,87.1,4.9,11.1,12.1,0.9,1.6,28.3,0.502,0.408
249,20,Jr,James Anderson,84.8,6.7,12.9,16.5,2.0,2.4,52.2,0.5489999999999999,0.341
250,50,Sr,James Ennis,83.5,6.3,15.5,14.2,4.1,3.1,37.3,0.5760000000000001,0.358
251,57,Sr,James Gist,77.4,6.7,18.9,9.0,6.7,2.2,39.9,0.537,0.31
252,3,So,James Harden,88.3,5.5,14.6,29.2,1.1,3.1,59.7,0.564,0.35600000000000004
253,16,So,James Johnson,76.3,9.6,19.2,12.3,5.0,2.5,28.7,0.598,0.319
254,17,Fr,James Young,80.2,3.7,11.0,10.8,0.6,1.4,39.3,0.47,0.349
255,24,Jr,Jared Cunningham,85.9,3.5,9.6,15.7,1.3,4.1,60.7,0.502,0.336
256,21,So,Jared Sullinger,72.0,12.5,24.0,8.6,4.0,2.3,51.9,0.531,0.4
257,25,So,Jarell Martin,85.9,9.7,18.1,10.5,1.8,1.9,51.1,0.545,0.269
258,4,Fr,Jaren Jackson Jr.,54.4,8.7,19.7,9.3,14.2,1.6,57.3,0.596,0.396
259,35,Jr,Jarnell Stokes,81.2,15.1,23.2,13.4,2.8,1.4,61.9,0.537,0.0
260,59,Sr,Jaron Blossomgame,85.5,5.9,15.5,9.7,2.9,1.4,38.1,0.565,0.255
261,50,Sr,Jarrell Brantley,84.4,6.6,23.8,15.4,3.0,2.4,34.7,0.5760000000000001,0.31
262,22,Fr,Jarrett Allen,80.4,11.0,18.8,5.5,5.0,1.0,47.2,0.579,0.0
263,6,So,Jarrett Culver,80.6,5.7,17.3,25.9,2.2,2.7,37.7,0.526,0.304
264,41,Sr,Jarvis Varnado,77.9,10.7,23.1,6.2,14.3,1.2,66.5,0.5820000000000001,0.0
265,12,Sr,Jason Thompson,83.4,11.9,28.0,18.0,8.9,1.8,46.7,0.578,0.324
266,39,So,Jawun Evans,70.8,2.8,10.8,44.2,0.5,3.2,38.6,0.453,0.376
267,8,Fr,Jaxson Hayes,50.0,8.8,16.2,2.6,10.6,1.5,59.2,0.728,0.0
268,3,Fr,Jaylen Brown,68.3,4.5,16.5,15.1,2.2,1.7,57.4,0.482,0.294
269,56,So,Jaylen Hands,77.1,1.3,10.5,36.5,0.5,2.3,28.5,0.447,0.373
270,43,So,Jaylen Nowell,85.7,3.5,14.9,20.8,0.8,2.2,28.1,0.525,0.44
271,3,Fr,Jayson Tatum,65.3,4.9,19.7,12.4,3.2,2.3,38.1,0.504,0.342
272,31,Sr,Jeff Ayres,80.2,11.0,21.9,6.7,3.3,1.0,48.3,0.662,0.0
273,19,So,Jeff Teague,79.9,1.7,8.6,20.2,2.0,3.1,59.0,0.502,0.441
274,39,Sr,Jeff Withey,76.0,8.8,20.9,6.2,13.7,1.4,60.4,0.58,1.0
275,31,Sr,Jeffery Taylor,79.5,8.4,12.1,12.6,1.4,2.4,36.9,0.5329999999999999,0.423
276,39,So,Jerami Grant,73.4,9.1,17.2,9.4,2.5,1.7,66.4,0.506,0.0
277,55,Sr,Jeremy Evans,65.3,13.5,17.8,5.9,7.2,1.9,44.1,0.6729999999999999,0.25
278,12,So,Jeremy Lamb,92.1,3.0,11.1,10.1,1.7,2.1,26.7,0.601,0.336
279,19,Sr,Jerian Grant,91.1,1.3,8.3,33.5,1.4,2.8,51.1,0.5720000000000001,0.316
280,32,Sr,Jermaine Taylor,79.8,7.2,12.1,17.3,2.7,2.3,28.1,0.5429999999999999,0.375
281,44,Sr,Jerome Jordan,74.9,9.3,23.8,10.1,7.7,0.9,72.5,0.5529999999999999,0.0
282,13,Jr,Jerome Robinson,89.0,1.6,9.4,19.5,0.4,1.4,34.2,0.5329999999999999,0.409
283,11,Fr,Jerryd Bayless,77.8,1.6,7.5,24.9,0.3,1.7,57.8,0.487,0.415
284,32,Sr,Jevon Carter,88.3,2.3,12.9,35.2,1.2,4.8,30.5,0.441,0.393
285,10,Sr,Jimmer Fredette,89.4,2.0,8.5,28.6,0.1,2.1,36.9,0.491,0.393
286,30,Sr,Jimmy Butler,86.3,8.2,12.0,13.2,1.1,2.4,62.8,0.515,0.345
287,41,Jr,Jodie Meeks,85.9,2.0,8.6,11.7,0.4,2.2,41.2,0.521,0.406
288,8,Jr,Joe Alexander,76.1,6.8,16.8,17.0,5.5,1.4,41.2,0.477,0.289
289,58,Sr,Joe Crawford,80.1,4.2,8.7,16.0,0.6,1.0,32.4,0.5479999999999999,0.364
290,33,Sr,Joe Harris,71.8,2.7,9.8,18.1,0.9,2.2,33.7,0.487,0.4
291,52,Sr,Joel Bolomboy,75.6,12.5,30.6,7.9,3.2,1.1,68.9,0.598,0.34
292,3,Fr,Joel Embiid,45.9,12.7,27.3,11.5,11.7,2.3,83.6,0.639,0.2
293,33,Sr,Joey Dorsey,59.5,15.1,25.6,3.5,7.6,2.4,71.3,0.6509999999999999,0.0
294,19,So,John Collins,66.5,16.4,25.7,4.5,6.6,1.3,58.5,0.624,0.0
295,14,Jr,John Henson,66.8,9.1,25.1,8.0,9.6,1.1,32.9,0.5,0.0
296,23,Jr,John Jenkins,80.9,1.7,8.2,8.4,1.0,1.5,33.4,0.542,0.439
297,1,Fr,John Wall,83.9,2.7,10.1,34.8,1.5,2.9,53.0,0.509,0.325
298,36,Jr,Johnny O'Bryant III,74.2,10.8,16.6,11.5,2.9,1.0,45.5,0.496,0.5
299,38,Sr,Jon Brockman,73.8,15.3,25.7,7.7,0.3,1.6,55.5,0.53,0.0
300,51,Sr,Jon Diebler,88.9,1.3,7.9,11.6,0.4,1.7,27.6,0.525,0.502
301,40,Sr,Jon Leuer,83.1,6.5,22.6,12.8,3.1,1.0,27.7,0.513,0.37
302,6,Fr,Jonathan Isaac,59.9,7.7,25.0,7.5,6.2,2.4,46.1,0.593,0.348
303,6,So,Jonny Flynn,90.7,1.9,5.9,32.6,0.4,2.0,48.0,0.517,0.321
304,22,So,Jordan Adams,72.6,7.5,13.1,14.7,0.6,5.0,44.1,0.551,0.35600000000000004
305,38,Jr,Jordan Bell,72.5,12.4,21.8,11.5,8.5,2.6,41.6,0.6609999999999999,0.154
306,57,Jr,Jordan Bone,81.5,2.0,8.2,30.5,0.4,1.2,22.9,0.514,0.36
307,46,Jr,Jordan Clarkson,86.8,2.9,9.3,23.3,0.6,1.9,41.7,0.5,0.281
308,27,So,Jordan Crawford,79.4,3.4,12.0,20.1,0.6,2.4,27.4,0.501,0.391
309,26,So,Jordan Hamilton,80.0,7.0,18.5,14.6,1.8,1.6,22.1,0.481,0.385
310,8,Jr,Jordan Hill,86.3,15.4,22.2,9.6,5.6,1.5,38.2,0.537,0.0
311,58,Sr,Jordan McRae,80.4,2.6,10.2,17.8,3.3,1.4,41.4,0.493,0.35
312,33,So,Jordan Mickey,80.1,10.5,19.6,7.6,9.7,1.5,38.8,0.514,0.111
313,45,Jr,Jordan Nwora,82.2,6.0,19.8,8.4,0.9,1.3,29.8,0.469,0.402
314,28,So,Jordan Poole,82.6,0.8,9.4,13.0,0.7,2.0,24.4,0.518,0.369
315,36,So,Jordan Williams,81.3,12.6,26.0,3.9,4.1,1.2,57.6,0.5379999999999999,0.0
316,43,Sr,Joseph Young,91.1,1.7,11.4,21.0,0.1,1.8,23.2,0.506,0.364
317,18,Fr,Josh Green,71.7,4.8,11.9,16.0,1.6,2.8,38.0,0.446,0.361
318,45,Sr,Josh Harrellson,71.0,15.2,18.9,5.1,5.2,2.0,26.9,0.631,0.2
319,30,Sr,Josh Hart,82.9,5.9,17.5,18.8,1.0,2.9,36.7,0.579,0.404
320,29,Sr,Josh Huestis,87.6,8.8,18.4,6.8,5.9,1.0,29.5,0.483,0.338
321,4,Fr,Josh Jackson,74.0,8.7,17.4,18.2,3.5,3.1,40.3,0.5489999999999999,0.378
322,20,So,Josh Okogie,67.9,7.3,13.1,15.6,2.8,2.9,50.6,0.4320000000000001,0.38
323,40,Sr,Josh Richardson,90.4,2.9,13.2,24.4,2.0,3.8,31.1,0.509,0.359
324,17,Fr,Jrue Holiday,67.6,6.0,11.8,23.8,2.1,3.5,24.9,0.528,0.307
325,7,Fr,Julius Randle,76.3,13.4,24.7,10.0,2.6,1.0,73.7,0.516,0.16699999999999998
326,21,Jr,Justin Anderson,52.8,3.1,14.5,14.0,2.5,1.6,37.1,0.479,0.452
327,45,Jr,Justin Hamilton,73.9,11.8,15.3,7.0,4.7,1.5,42.8,0.503,0.25
328,32,Sr,Justin Harper,79.1,6.5,18.6,8.9,4.0,1.2,25.7,0.585,0.448
329,43,Fr,Justin Jackson,70.0,7.3,16.4,6.3,3.0,1.8,36.2,0.443,0.441
330,40,Sr,Justin James,95.0,3.2,22.4,33.0,1.6,2.2,47.6,0.457,0.301
331,16,Fr,Justin Patton,63.8,7.7,18.9,8.6,5.9,1.9,29.0,0.684,0.5710000000000001
332,53,Sr,Justin Wright-Foreman,92.8,1.2,11.4,17.6,0.6,1.4,32.1,0.568,0.425
333,51,Sr,Justinian Jessup,88.9,3.3,11.9,12.0,1.6,2.2,17.8,0.468,0.392
334,10,Fr,Justise Winslow,72.3,5.4,19.8,13.2,2.9,2.8,43.8,0.516,0.418
335,32,Jr,K.J. McDaniels,82.4,8.8,15.9,12.7,8.9,2.3,40.2,0.527,0.304
336,32,So,KZ Okpala,76.1,4.1,14.9,13.0,1.4,1.7,47.1,0.493,0.368
337,53,Sr,Kadeem Allen,68.9,1.5,13.7,17.8,2.3,3.1,49.2,0.466,0.4270000000000001
338,54,Jr,Kahlil Felder,91.5,2.2,9.7,50.0,0.5,2.9,46.1,0.485,0.355
339,1,Fr,Karl-Anthony Towns,52.3,14.1,22.2,11.5,11.4,1.4,52.3,0.5770000000000001,0.25
340,15,So,Kawhi Leonard,79.6,11.4,25.9,16.4,1.9,2.8,32.1,0.472,0.284
341,48,Jr,Keita Bates-Diop,81.8,5.7,24.5,10.5,5.9,1.6,27.4,0.547,0.359
342,48,Sr,Keith Benson,81.0,9.1,24.3,6.0,9.8,1.4,57.1,0.555,0.364
343,29,Fr,Keldon Johnson,76.2,5.5,16.5,10.6,0.6,1.5,41.6,0.498,0.381
344,13,Jr,Kelly Olynyk,60.3,11.8,20.1,15.1,5.1,1.6,50.5,0.6609999999999999,0.31
345,15,Fr,Kelly Oubre,52.3,6.4,19.2,8.1,1.8,3.3,44.4,0.4970000000000001,0.358
346,9,Jr,Kemba Walker,92.4,3.9,11.5,28.0,0.5,3.1,42.6,0.471,0.33
347,13,So,Kendall Marshall,77.9,0.5,7.3,45.1,0.5,2.0,35.1,0.527,0.354
348,22,Sr,Kenneth Faried,87.0,19.9,30.9,7.3,8.1,3.4,68.9,0.61,0.0
349,8,So,Kentavious Caldwell-Pope,83.5,4.3,19.7,16.8,1.9,3.8,39.3,0.498,0.373
350,57,Sr,Kevin Hervey,80.3,8.0,20.1,15.2,2.2,2.1,25.7,0.522,0.339
351,19,So,Kevin Huerter,85.5,3.9,13.1,20.0,2.1,1.1,30.9,0.6,0.414
352,9,Fr,Kevin Knox,80.7,3.3,14.5,8.7,1.0,1.5,37.2,0.511,0.341
353,5,Fr,Kevin Love,74.1,15.3,28.6,13.8,5.0,1.5,63.4,0.608,0.354
354,47,Sr,Kevin Murphy,85.8,3.1,15.6,17.0,0.7,1.4,31.1,0.448,0.42
355,30,Fr,Kevon Looney,76.8,12.2,21.0,9.1,3.3,2.5,45.8,0.481,0.415
356,32,Fr,Kezie Okpala,46.5,4.8,9.5,11.6,2.0,1.9,57.1,0.425,0.226
357,39,Jr,Khris Middleton,44.3,5.7,15.8,19.0,1.1,2.1,22.2,0.481,0.257
358,38,Jr,Khyri Thomas,79.5,4.0,11.1,15.4,0.7,3.0,25.4,0.632,0.416
359,44,Sr,Kim English,83.6,3.4,11.9,8.6,0.9,2.3,36.6,0.589,0.459
360,13,So,Kira Lewis Jr.,92.5,2.3,10.7,27.7,1.5,2.5,29.1,0.507,0.364
361,11,Jr,Klay Thompson,83.0,2.6,14.0,25.0,3.1,2.8,33.6,0.466,0.398
362,23,Fr,Kosta Koufos,67.5,12.2,15.7,4.5,7.7,1.0,22.9,0.535,0.349
363,5,Jr,Kris Dunn,76.9,3.5,14.8,41.8,1.9,4.3,46.2,0.477,0.3720000000000001
364,51,Sr,Kris Joseph,80.3,5.5,10.8,8.7,2.2,2.6,40.3,0.467,0.345
365,30,So,Kyle Anderson,80.3,4.5,25.5,34.3,2.7,3.1,49.3,0.48,0.483
366,55,Jr,Kyle Guy,87.6,2.7,12.6,11.9,0.2,1.3,19.0,0.491,0.426
367,27,Jr,Kyle Kuzma,69.6,11.2,22.7,15.0,1.6,1.1,36.3,0.557,0.321
368,49,Sr,Kyle O'Quinn,77.2,11.6,25.0,11.2,9.1,1.1,64.7,0.621,0.214
369,33,Sr,Kyle Singler,86.9,8.0,13.3,8.8,0.8,1.5,30.5,0.4970000000000001,0.321
370,38,Sr,Kyle Weaver,81.9,4.6,16.4,28.5,2.6,3.5,57.7,0.491,0.364
371,48,Sr,Lamar Patterson,80.1,3.8,14.5,29.9,1.2,2.8,38.2,0.484,0.388
372,40,Fr,Lance Stephenson,67.6,7.3,14.0,19.1,0.7,1.9,32.3,0.495,0.219
373,39,Sr,Landry Fields,90.3,7.9,20.6,19.6,2.3,2.6,50.8,0.521,0.337
374,26,So,Landry Shamet,76.3,1.6,9.7,28.8,0.7,1.3,32.7,0.56,0.442
375,27,Sr,Larry Nance Jr.,77.3,6.2,20.5,19.7,4.3,2.3,41.5,0.529,0.341
376,15,Jr,Larry Sanders,64.9,13.1,25.2,7.7,9.1,1.6,45.5,0.547,0.25
377,7,Fr,Lauri Markkanen,77.0,10.0,17.5,5.6,1.8,0.8,43.6,0.545,0.423
378,50,Sr,Lavoy Allen,81.5,9.3,20.2,13.6,5.4,1.3,30.8,0.49,0.294
379,30,Sr,Lazar Hayward,79.5,8.2,21.3,11.2,1.7,3.6,24.7,0.479,0.349
380,58,Sr,Lester Hudson,90.6,6.5,18.3,27.3,1.7,3.3,24.7,0.517,0.345
381,18,Fr,Lonnie Walker IV,68.8,1.7,9.2,13.0,1.8,2.0,20.4,0.487,0.34600000000000003
382,2,Fr,Lonzo Ball,87.6,3.2,14.3,31.4,2.1,2.8,28.6,0.732,0.412
383,52,Jr,Lorenzo Brown,80.4,2.4,11.4,36.7,1.6,3.4,41.9,0.465,0.263
384,37,Jr,Luc Mbah a Moute,61.0,9.5,15.7,9.4,1.7,2.1,29.2,0.507,0.174
385,16,So,Luke Babbitt,93.2,6.5,19.1,10.9,1.9,1.5,43.0,0.517,0.42
386,52,Sr,Luke Harangody,69.9,8.3,24.2,11.8,2.1,0.9,35.1,0.514,0.309
387,12,So,Luke Kennard,88.8,3.9,12.1,13.6,0.9,1.4,38.6,0.525,0.438
388,54,Sr,Maarty Leunen,85.8,7.9,23.5,15.5,1.1,1.5,50.5,0.609,0.4920000000000001
389,51,Sr,Magnum Rolle,72.7,13.3,18.3,5.9,7.0,1.5,38.3,0.514,0.0
390,29,Jr,Malachi Flynn,84.8,2.3,13.5,30.2,0.4,3.1,33.7,0.512,0.368
391,22,Fr,Malachi Richardson,85.1,1.7,12.1,12.8,0.9,2.1,38.1,0.388,0.353
392,36,Sr,Malcolm Brogdon,85.1,2.1,13.3,19.5,0.9,1.8,31.0,0.498,0.391
393,43,Jr,Malcolm Lee,79.5,2.6,7.8,12.9,0.6,1.2,44.6,0.534,0.295
394,19,Fr,Malik Beasley,74.3,5.0,15.1,9.8,0.6,1.8,32.6,0.518,0.387
395,48,Sr,Malik Hairston,75.4,5.8,12.6,14.0,2.9,1.2,41.2,0.5770000000000001,0.433
396,11,Fr,Malik Monk,79.9,1.1,7.2,13.3,1.5,1.6,32.3,0.4970000000000001,0.397
397,25,So,MarShon Brooks,52.5,6.9,11.0,12.5,3.2,2.7,28.3,0.5429999999999999,0.313
398,59,Sr,Marcus Denmon,86.3,3.9,13.8,11.5,0.1,2.7,30.8,0.526,0.407
399,14,Jr,Marcus Morris,70.6,11.5,19.0,11.4,2.4,1.7,51.1,0.62,0.342
400,55,Sr,Marcus Paige,67.2,1.6,7.0,18.6,1.5,2.1,26.3,0.459,0.35600000000000004
401,6,So,Marcus Smart,72.9,5.1,14.9,30.1,1.9,5.0,64.8,0.514,0.299
402,45,Sr,Marcus Thornton,93.2,1.0,7.5,17.9,0.4,1.1,31.3,0.526,0.388
403,54,Sr,Marial Shayok,79.9,5.1,11.7,12.2,0.8,1.7,26.6,0.568,0.384
404,34,Jr,Mario Chalmers,72.7,1.6,9.6,24.4,2.2,5.0,41.0,0.5529999999999999,0.471
405,44,Sr,Markel Brown,86.4,3.5,12.9,16.9,3.1,1.6,48.3,0.525,0.379
406,1,Fr,Markelle Fultz,71.6,4.0,14.0,35.5,3.1,2.4,38.3,0.502,0.413
407,13,Jr,Markieff Morris,60.7,13.9,24.7,11.0,4.9,1.9,46.2,0.625,0.424
408,8,Fr,Marquese Chriss,61.2,9.8,11.7,6.3,5.9,1.9,38.3,0.57,0.35
409,29,Fr,Marquis Teague,81.4,1.6,6.7,25.5,0.8,1.7,33.8,0.438,0.325
410,16,So,Marreese Speights,60.5,12.8,26.2,8.4,5.9,1.0,37.6,0.624,0.0
411,25,Sr,Marshon Brooks,90.9,6.3,14.2,16.0,3.0,2.3,38.4,0.5589999999999999,0.34
412,2,Fr,Marvin Bagley III,74.8,13.8,21.4,8.8,2.6,1.4,47.5,0.647,0.397
413,22,Sr,Mason Plumlee,86.7,9.8,23.3,11.5,4.0,1.7,68.8,0.599,0.0
414,20,Sr,Matisse Thybulle,77.2,3.0,9.0,13.5,8.1,6.6,24.8,0.555,0.305
415,35,Jr,Melvin Frazier,82.6,3.9,14.6,17.9,2.2,3.5,36.6,0.623,0.385
416,11,So,Meyers Leonard,78.6,9.1,23.5,9.9,6.9,0.9,43.6,0.604,0.091
417,27,So,Mfiondu Kabengele,53.1,11.5,20.0,3.2,8.3,1.5,55.0,0.534,0.369
418,2,Fr,Michael Beasley,78.4,13.0,30.0,8.7,5.6,2.3,48.7,0.5579999999999999,0.38
419,11,So,Michael Carter-Williams,87.5,4.0,11.1,40.2,1.7,4.8,47.2,0.438,0.292
420,49,Sr,Michael Gbinije,93.8,3.2,8.7,26.5,1.1,3.1,32.8,0.525,0.391
421,2,Fr,Michael Kidd-Gilchrist,77.8,10.3,16.1,10.8,2.8,1.9,58.9,0.535,0.255
422,10,Jr,Mikal Bridges,79.7,5.2,13.7,10.6,3.5,2.7,28.2,0.593,0.435
423,44,Sr,Mike Muscala,80.2,12.0,29.0,18.6,7.7,1.0,50.6,0.515,0.25
424,43,Sr,Mike Scott,77.7,9.7,24.0,10.7,1.8,1.4,45.0,0.5770000000000001,0.3
425,12,So,Miles Bridges,75.9,5.2,18.1,16.6,2.5,1.2,24.1,0.527,0.366
426,26,Sr,Miles Plumlee,50.9,16.6,22.7,5.1,4.2,1.5,52.1,0.61,0.0
427,21,Fr,Mitch McGary,49.3,15.5,22.1,6.4,4.0,3.4,23.1,0.602,0.0
428,58,Jr,Miye Oni,74.3,2.5,18.7,20.7,4.2,1.6,35.1,0.486,0.3670000000000001
429,15,Fr,Moe Harkless,89.9,8.4,18.2,9.6,4.2,2.6,32.6,0.506,0.215
430,6,Fr,Mohamed Bamba,64.3,12.2,28.2,3.6,12.9,1.5,44.1,0.603,0.275
431,51,Sr,Monte Morris,86.8,3.7,11.3,32.0,0.8,2.4,23.9,0.503,0.378
432,32,Jr,Montrezl Harrell,84.8,10.0,19.1,9.2,3.7,1.6,50.8,0.602,0.243
433,51,So,Mont√© Morris,84.8,2.5,8.6,27.4,1.3,3.2,27.8,0.547,0.395
434,25,Jr,Moritz Wagner,65.5,6.5,25.0,6.7,2.0,2.2,26.3,0.612,0.392
435,11,Fr,Myles Turner,54.9,7.2,24.9,6.2,12.3,0.8,43.6,0.513,0.274
436,25,Fr,Nassir Little,45.3,9.2,16.9,6.1,3.3,1.5,36.6,0.529,0.269
437,38,Sr,Nate Wolters,91.8,3.6,14.1,35.1,0.4,2.9,46.3,0.532,0.38
438,6,Fr,Nerlens Noel,57.5,10.4,22.3,9.5,13.2,3.9,62.7,0.59,0.0
439,45,So,Nick Calathes,83.3,3.0,15.7,35.9,0.5,3.3,44.9,0.555,0.39
440,42,Jr,Nick Johnson,81.5,3.0,11.2,17.6,2.0,2.1,39.5,0.47,0.3670000000000001
441,42,Jr,Nick Richards,73.5,11.3,18.6,1.7,8.0,0.2,57.1,0.642,0.0
442,17,So,Nickeil Alexander-Walker,82.8,1.8,13.1,24.6,2.3,3.4,35.9,0.537,0.374
443,48,Fr,Nico Mannion,80.2,0.9,7.8,31.5,0.0,2.1,36.1,0.447,0.327
444,31,So,Nicolas Claxton,79.0,8.4,20.6,12.2,8.0,1.9,64.4,0.509,0.281
445,55,Jr,Nigel Williams-Goss,79.6,2.2,15.7,25.8,0.2,2.9,40.0,0.527,0.368
446,8,So,Nik Stauskas,86.0,1.6,8.8,18.8,0.9,1.0,51.8,0.5,0.442
447,16,Jr,Nikola Vucevic,87.0,9.8,25.6,11.0,4.4,0.9,38.3,0.542,0.349
448,9,Fr,Noah Vonleh,61.8,10.8,27.3,4.9,5.4,1.9,62.0,0.53,0.485
449,21,Sr,Nolan Smith,85.1,4.1,10.1,30.3,0.2,2.0,40.5,0.501,0.35
450,46,Sr,Norman Powell,85.7,1.9,13.3,12.8,1.5,3.2,36.2,0.503,0.319
451,28,Sr,Norris Cole,90.2,2.5,16.7,38.0,0.3,3.7,47.2,0.464,0.324
452,3,Fr,O.J. Mayo,91.1,3.9,10.2,21.4,1.1,2.5,28.4,0.464,0.409
453,8,So,Obi Toppin,78.2,5.2,22.0,14.5,4.1,1.8,36.4,0.698,0.39
454,42,Jr,Olivier Hanlan,92.6,2.6,11.5,29.1,0.1,2.1,29.2,0.513,0.353
455,30,Fr,Omari Spellman,69.7,9.9,23.0,4.3,5.5,1.3,20.8,0.511,0.433
456,6,Fr,Onyeka Okongwu,68.4,12.4,18.4,8.4,9.8,2.3,50.2,0.623,0.25
457,36,Sr,Orlando Johnson,84.7,4.9,13.5,19.2,2.2,1.9,40.7,0.467,0.4270000000000001
458,3,So,Otto Porter,84.4,6.7,19.0,18.5,3.0,3.3,44.9,0.504,0.422
459,26,So,P.J. Hairston,56.2,8.5,11.3,10.6,1.8,2.8,30.7,0.486,0.395
460,12,So,PJ Washington,68.7,10.2,19.9,13.1,4.8,1.7,48.9,0.5489999999999999,0.423
461,27,So,Pascal Siakam,87.0,13.4,23.5,11.2,6.4,1.7,40.3,0.547,0.2
462,41,Sr,Pat Connaughton,87.4,4.2,20.4,7.6,2.7,1.3,18.0,0.537,0.423
463,42,So,Patrick Beverley,84.2,4.2,18.5,12.9,1.5,2.1,40.0,0.449,0.378
464,43,Sr,Patrick Ewing Jr.,53.9,9.0,13.7,16.0,3.6,2.8,52.1,0.649,0.28300000000000003
465,38,So,Patrick McCaw,83.4,3.4,12.7,23.0,1.2,3.8,30.7,0.564,0.35200000000000004
466,14,Jr,Patrick Patterson,81.8,10.6,13.4,5.5,4.1,1.2,34.8,0.626,0.348
467,4,Fr,Patrick Williams,52.1,6.8,13.9,8.4,5.6,2.6,35.6,0.5,0.32
468,55,So,Patty Mills,61.7,1.6,6.0,25.9,0.6,3.9,25.7,0.455,0.332
469,10,So,Paul George,72.6,6.8,18.6,22.6,3.0,3.9,34.8,0.489,0.35600000000000004
470,58,Jr,Paul Reed,72.0,11.2,25.7,11.1,9.4,3.3,22.3,0.5539999999999999,0.294
471,26,Sr,Payton Pritchard,88.8,2.3,11.6,31.6,0.1,2.5,30.3,0.512,0.415
472,28,So,Perry Jones III,66.6,10.8,18.6,8.8,2.1,1.7,28.3,0.515,0.303
473,56,Sr,Peyton Siva,76.7,1.1,7.6,34.3,0.6,4.3,28.5,0.476,0.28800000000000003
474,42,Sr,Pierre Jackson,86.3,2.2,9.6,41.5,0.0,2.5,47.4,0.49,0.359
475,20,Fr,Precious Achiuwa,75.3,11.4,24.7,7.5,6.4,2.0,50.7,0.514,0.325
476,37,Sr,Quincy Acy,74.6,10.7,18.6,6.5,6.5,1.8,64.9,0.564,0.6
477,38,Fr,Quincy Miller,59.3,7.6,16.0,11.3,2.7,1.6,36.7,0.475,0.358
478,26,Sr,Quincy Pondexter,80.4,10.3,15.0,11.2,1.8,2.2,48.7,0.55,0.353
479,49,Sr,Quinndary Weatherspoon,84.5,4.7,11.6,16.6,1.1,2.9,43.7,0.564,0.396
480,3,Fr,R.J. Barrett,87.9,4.8,17.2,23.5,1.2,1.4,31.9,0.529,0.308
481,28,Jr,R.J. Hunter,92.1,2.8,12.4,19.7,3.6,3.6,44.5,0.49,0.298
482,36,Sr,Rakeem Christmas,85.1,10.1,19.3,10.5,8.4,1.6,52.0,0.555,0.0
483,17,Fr,Rashad Vaughn,57.3,2.3,13.9,12.2,1.1,1.5,29.9,0.481,0.383
484,36,Jr,Ray McCallum,93.2,4.0,13.3,23.5,1.7,3.0,46.7,0.545,0.317
485,56,Jr,Ray Spalding,68.2,13.3,20.9,9.6,6.3,3.1,33.8,0.56,0.263
486,56,Fr,Raymond Spalding,42.3,11.0,17.4,5.4,4.5,3.2,44.8,0.5660000000000001,0.333
487,25,Jr,Reggie Bullock,76.5,6.6,15.8,16.2,0.9,2.2,21.0,0.537,0.429
488,24,Jr,Reggie Jackson,85.4,3.9,11.3,29.7,1.7,1.9,31.5,0.556,0.42
489,57,So,Reggie Perry,77.7,12.4,25.1,16.1,4.1,1.6,53.0,0.542,0.324
490,49,Jr,Richard Hendrix,73.1,13.1,23.5,11.5,7.2,2.4,52.5,0.604,0.28600000000000003
491,37,Sr,Richaun Holmes,67.1,11.5,21.0,7.2,11.3,1.5,50.7,0.586,0.419
492,58,Sr,Robbie Hummel,80.6,5.5,21.7,12.6,4.2,1.3,29.5,0.44,0.383
493,58,So,Robbie John Hummel,63.1,6.8,20.2,14.0,2.2,2.4,30.5,0.4970000000000001,0.381
494,60,Sr,Robert Dozier,75.3,10.7,16.5,9.3,5.6,2.5,53.8,0.5489999999999999,0.375
495,60,Sr,Robert Sacre,65.4,9.9,18.1,5.7,5.8,0.8,86.0,0.515,0.0
496,54,Sr,Robert Vaden,90.2,2.3,13.5,11.9,1.8,1.7,19.2,0.48,0.34600000000000003
497,27,So,Robert Williams,54.9,10.2,26.8,10.8,10.0,1.8,31.8,0.6679999999999999,0.0
498,40,Fr,Robert Woodard,43.6,9.5,18.1,7.5,3.2,1.8,32.1,0.545,0.273
499,40,So,Robert Woodard II,82.5,8.2,14.9,7.6,3.4,2.0,28.4,0.517,0.429
500,15,So,Robin Lopez,60.5,12.6,14.0,5.4,9.5,1.3,50.4,0.5329999999999999,1.0
501,23,So,Rodney Hood,81.9,2.9,11.7,13.2,0.8,1.3,32.8,0.494,0.42
502,14,Fr,Romeo Langford,76.8,4.8,12.8,14.2,2.7,1.3,49.1,0.53,0.272
503,51,Sr,Romero Osby,70.7,8.2,19.5,10.2,3.2,1.3,58.6,0.525,0.529
504,23,So,Rondae Hollis-Jefferson,71.5,9.0,20.1,10.1,3.4,2.4,74.5,0.537,0.207
505,56,Sr,Roy Devyn Marble,74.4,2.9,8.6,23.6,0.8,3.4,45.6,0.456,0.349
506,17,Sr,Roy Hibbert,65.3,11.3,17.0,16.6,9.7,1.3,49.0,0.605,1.0
507,16,So,Royce White,78.8,9.4,24.6,34.5,3.0,2.2,62.5,0.541,0.333
508,9,Jr,Rui Hachimura,75.5,5.8,17.0,9.3,2.4,1.8,47.7,0.606,0.417
509,47,Sr,Russ Smith,73.2,2.9,9.6,31.6,0.4,4.0,45.1,0.517,0.387
510,4,So,Russell Westbrook,84.6,5.9,8.4,24.0,0.6,2.9,38.6,0.4970000000000001,0.32
511,21,So,Ryan Anderson,81.0,11.5,23.8,9.7,1.9,0.6,42.4,0.53,0.41
512,48,Sr,Ryan Kelly,46.1,6.9,14.3,11.0,5.4,1.4,40.1,0.473,0.422
513,57,Sr,Ryan Reid,54.8,9.9,10.0,10.1,2.6,1.5,46.1,0.491,0.0
514,38,Jr,Saben Lee,81.4,2.0,11.0,32.0,0.9,2.7,49.8,0.5489999999999999,0.322
515,19,So,Saddiq Bey,84.4,4.5,11.3,14.9,1.1,1.4,24.8,0.5,0.451
516,18,Jr,Sam Dekker,77.0,8.4,14.8,8.6,1.5,1.1,27.8,0.639,0.331
517,60,Sr,Sam Merrill,86.3,0.6,12.0,24.0,0.4,1.5,39.7,0.515,0.41
518,36,Sr,Sam Young,77.4,6.9,15.4,6.6,2.7,1.9,31.2,0.551,0.37
519,56,Sr,Sasha Kaun,44.2,11.0,13.4,3.0,8.2,1.4,67.4,0.61,0.0
520,42,Sr,Sean Singletary,84.0,2.5,10.1,37.7,0.1,3.0,46.6,0.456,0.3670000000000001
521,55,So,Semaj Christon,87.6,1.5,7.4,25.3,0.8,2.3,56.0,0.491,0.388
522,37,Jr,Semi Ojeleye,85.4,8.4,15.0,9.3,1.6,0.8,50.8,0.529,0.424
523,14,Fr,Shabazz Muhammad,69.5,9.9,8.5,5.8,0.4,1.3,39.5,0.463,0.377
524,24,Sr,Shabazz Napier,87.2,3.4,15.0,30.8,1.0,3.2,48.0,0.448,0.405
525,11,Fr,Shai Gilgeous-Alexander,84.0,3.2,10.0,28.8,1.7,2.8,46.2,0.5,0.404
526,54,Jr,Shake Milton,60.6,2.1,13.5,25.9,2.3,2.4,40.5,0.462,0.434
527,51,Sr,Shan Foster,82.2,4.1,12.3,10.7,0.7,1.8,20.7,0.61,0.469
528,18,So,Shane Larkin,90.7,1.6,10.4,26.1,0.3,3.4,29.3,0.5379999999999999,0.406
529,34,Jr,Shelvin Mack,79.4,2.7,14.3,25.1,0.3,1.4,32.6,0.451,0.35100000000000003
530,48,Sr,Sindarius Thornwell,71.9,8.0,16.2,19.4,3.4,3.6,59.0,0.471,0.392
531,53,Sr,Sir'Dominic Pointer,86.5,6.2,17.5,18.3,7.6,3.2,42.6,0.565,0.08
532,50,Sr,Skylar Mays,85.4,1.6,13.7,17.0,0.7,2.9,43.9,0.5479999999999999,0.394
533,50,So,Solomon Alabi,63.8,11.6,15.7,4.4,10.4,1.4,54.6,0.534,0.0
534,23,Sr,Solomon Hill,82.1,6.6,12.8,16.8,1.8,2.1,35.9,0.508,0.39
535,39,Sr,Sonny Weems,76.0,6.2,10.4,17.3,0.8,2.4,17.9,0.513,0.37
536,38,So,Spencer Dinwiddie,80.1,1.0,9.8,20.2,1.6,2.5,76.7,0.477,0.338
537,8,Fr,Stanley Johnson,70.9,8.9,19.1,11.6,1.6,3.2,45.6,0.478,0.371
538,59,Sr,Stanley Robinson,85.6,8.9,14.6,6.6,3.2,1.5,25.1,0.5710000000000001,0.342
539,7,Jr,Stephen Curry,82.1,1.8,12.3,39.8,0.7,3.9,36.1,0.518,0.388
540,41,Fr,Stephen Zimmerman Jr.,51.8,9.0,26.1,6.5,7.2,1.0,48.3,0.481,0.25
541,46,Sr,Sterling Brown,81.6,6.0,16.9,17.9,2.2,2.7,31.3,0.465,0.449
542,12,Fr,Steven Adams,56.1,15.3,19.1,5.4,11.2,1.9,40.0,0.5710000000000001,0.0
543,47,Sr,Sviatoslav Mykhailiuk,86.1,3.9,8.7,13.4,0.9,1.9,11.9,0.423,0.444
544,14,So,T.J. Warren,84.8,10.8,12.8,8.6,1.8,3.1,34.7,0.58,0.267
545,18,Fr,TJ Leaf,72.8,9.1,19.7,13.2,3.5,1.1,27.8,0.644,0.466
546,26,Jr,Taj Gibson,83.6,13.4,19.0,8.2,9.5,1.8,57.6,0.601,0.0
547,46,Fr,Talen Horton-Tucker,67.9,2.9,16.7,16.2,2.7,2.8,23.0,0.475,0.308
548,12,Sr,Taurean Prince,76.2,8.9,14.7,15.4,2.7,2.3,33.6,0.468,0.361
549,48,Sr,Taylor Griffin,74.8,9.3,12.0,7.9,3.4,2.5,55.8,0.5479999999999999,0.35700000000000004
550,2,Fr,Temetrius Morant,86.3,6.6,15.8,32.9,1.3,1.7,48.2,0.526,0.293
551,48,Sr,Terance Mann,78.3,9.1,14.3,15.6,1.2,1.2,42.6,0.547,0.39
552,18,So,Terrence Jones,69.6,10.8,16.3,8.7,5.8,2.7,44.6,0.528,0.327
553,8,So,Terrence Ross,77.2,4.7,17.6,9.2,3.0,2.3,20.0,0.518,0.371
554,11,Sr,Terrence Williams,85.3,4.5,22.7,27.0,2.3,4.0,29.8,0.459,0.385
555,36,So,Terrico White,77.7,5.3,9.9,9.1,0.6,1.6,26.6,0.487,0.343
556,16,So,Terry Rozier,86.9,3.8,13.9,19.7,0.5,3.5,33.8,0.456,0.306
557,42,So,Thomas Bryant,68.6,9.7,17.2,9.8,5.7,1.6,51.9,0.556,0.383
558,5,Jr,Thomas Robinson,79.2,11.1,30.7,13.1,2.9,2.0,46.2,0.505,0.5
559,58,Sr,Thomas Welsh,81.2,9.1,25.8,7.8,2.8,1.1,17.4,0.527,0.402
560,24,Fr,Tim Hardaway Jr,76.7,3.0,11.7,12.6,0.6,2.1,31.6,0.479,0.374
561,24,Jr,Tim Hardaway Jr.,84.2,0.8,14.5,12.9,1.4,1.2,23.3,0.481,0.358
562,47,Fr,Tiny Gallon,57.0,13.2,25.5,7.6,3.3,1.7,39.9,0.573,0.235
563,19,Fr,Tobias Harris,72.5,7.5,20.6,10.4,3.4,1.4,42.3,0.4970000000000001,0.303
564,29,Sr,Toney Douglas,90.7,2.7,9.1,20.2,1.3,2.9,43.3,0.489,0.385
565,51,So,Tony Carr,83.3,3.0,13.4,29.3,0.9,1.4,30.7,0.395,0.433
566,37,So,Tony Mitchell,80.9,8.5,20.4,5.2,8.4,1.8,46.9,0.505,0.289
567,20,Jr,Tony Snell,77.5,1.6,8.1,22.4,1.9,1.6,29.9,0.452,0.39
568,25,Fr,Tony Wroten,75.3,8.0,9.8,24.5,1.2,3.5,59.1,0.483,0.161
569,5,Fr,Trae Young,87.5,1.3,9.9,48.3,0.7,2.5,44.4,0.493,0.361
570,47,Jr,Travis Leslie,78.7,12.2,13.6,20.6,2.0,2.3,37.8,0.517,0.302
571,41,So,Tre Jones,81.6,2.1,10.8,31.4,0.9,2.8,36.6,0.447,0.361
572,51,So,Tremont Waters,74.6,1.1,8.6,34.0,0.4,5.0,31.9,0.504,0.327
573,23,Sr,Trevor Booker,76.9,10.1,20.4,17.4,4.6,2.5,47.4,0.547,0.265
574,9,So,Trey Burke,87.6,1.8,8.9,37.4,1.6,2.8,30.2,0.503,0.383
575,12,Fr,Trey Lyles,52.6,9.9,16.1,9.2,2.1,1.4,42.5,0.536,0.138
576,37,Fr,Trey Thompkins,56.4,8.7,22.0,7.5,4.2,2.1,23.6,0.453,0.384
577,4,Fr,Tristan Thompson,76.8,13.9,13.6,8.0,7.2,1.8,82.9,0.546,0.0
578,15,Fr,Troy Brown,74.7,5.9,18.1,18.7,0.8,2.9,32.6,0.524,0.29100000000000004
579,24,Jr,Ty Jerome,81.8,1.8,13.0,32.6,0.1,3.0,22.2,0.469,0.399
580,18,Jr,Ty Lawson,69.3,2.3,7.6,35.7,0.4,3.8,61.6,0.555,0.462
581,36,Jr,Tyler Bey,69.7,8.3,27.7,11.5,4.0,3.1,69.3,0.545,0.419
582,41,So,Tyler Dorsey,75.4,3.3,9.6,10.9,0.4,1.5,34.5,0.51,0.424
583,18,Fr,Tyler Ennis,88.7,2.6,9.0,32.5,0.7,3.9,41.4,0.429,0.353
584,13,Sr,Tyler Hansbrough,69.3,10.7,16.6,5.9,1.1,2.2,68.2,0.521,0.391
585,51,Jr,Tyler Harvey,84.1,2.1,9.2,13.2,0.3,1.7,36.9,0.517,0.409
586,13,Fr,Tyler Herro,81.0,1.6,14.0,15.2,1.1,2.0,23.1,0.5379999999999999,0.355
587,35,So,Tyler Honeycutt,83.9,5.3,17.8,16.8,5.6,1.5,29.9,0.438,0.362
588,24,So,Tyler Lydon,89.6,7.7,19.2,10.8,4.7,1.7,36.3,0.523,0.392
589,34,So,Tyler Ulis,88.5,1.7,7.1,34.3,0.3,2.3,44.1,0.486,0.344
590,17,Sr,Tyler Zeller,70.2,14.1,20.2,6.3,5.3,1.7,56.3,0.5529999999999999,0.0
591,4,Fr,Tyreke Evans,72.2,5.0,15.3,30.0,2.8,4.2,38.4,0.514,0.274
592,31,Fr,Tyrell Terry,78.2,1.4,14.4,20.3,0.2,2.5,33.0,0.47,0.408
593,12,So,Tyrese Haliburton,62.8,4.6,13.7,35.3,2.0,3.8,18.4,0.5920000000000001,0.419
594,21,Fr,Tyrese Maxey,85.4,1.4,12.1,18.3,1.3,1.5,34.2,0.4920000000000001,0.292
595,60,Sr,Tyrone Wallace,65.5,3.5,14.3,28.5,1.3,1.8,45.0,0.488,0.298
596,41,Sr,Tyshawn Taylor,83.3,0.7,6.9,29.7,0.5,2.4,42.0,0.522,0.382
597,24,Fr,Tyus Jones,84.2,1.8,9.9,27.5,0.2,2.7,50.0,0.44,0.379
598,27,Sr,Udoka Azubuike,69.8,15.2,26.7,7.4,10.9,1.0,61.1,0.7440000000000001,0.0
599,32,Fr,Vernon Carey Jr.,61.1,12.0,26.2,8.3,5.8,1.6,63.2,0.59,0.381
600,52,Sr,Vernon Macklin,59.7,10.9,15.0,7.7,3.1,0.9,31.7,0.593,0.0
601,2,Jr,Victor Oladipo,70.4,11.7,14.0,15.2,2.8,4.6,42.8,0.644,0.441
602,52,So,Vince Edwards,67.9,8.1,13.5,19.5,1.1,1.2,28.8,0.474,0.407
603,52,Sr,Vincent Edwards,74.5,8.4,18.6,17.1,2.0,1.0,31.7,0.516,0.398
604,17,So,Wade Baldwin IV,75.3,1.5,11.6,33.7,1.0,2.3,61.4,0.4370000000000001,0.406
605,28,Jr,Wayne Ellington,76.4,5.4,10.9,14.8,0.5,1.5,25.7,0.534,0.415
606,7,Fr,Wendell Carter Jr.,66.6,12.8,23.1,13.0,7.6,1.7,52.7,0.586,0.413
607,4,Jr,Wes Johnson,87.4,7.6,18.3,11.1,5.7,2.7,35.2,0.54,0.415
608,33,Sr,Wesley Iwundu,78.1,4.1,20.0,22.9,1.2,1.9,50.6,0.52,0.376
609,4,So,Wesley Johnson,56.6,5.6,10.7,12.1,1.3,2.0,25.0,0.455,0.328
610,40,So,Will Barton,87.3,7.6,18.5,17.3,2.1,2.4,39.6,0.5589999999999999,0.34600000000000003
611,6,Jr,Willie Cauley-Stein,64.3,11.1,17.3,7.4,7.1,2.9,54.2,0.5720000000000001,0.0
612,54,So,Willie Warren,53.6,2.4,9.6,28.2,0.2,1.8,52.5,0.524,0.309
613,12,Fr,Xavier Henry,68.3,5.2,11.5,9.8,1.8,3.1,32.5,0.4920000000000001,0.418
614,59,Sr,Xavier Thames,79.6,2.1,8.7,24.7,0.5,3.3,52.6,0.4320000000000001,0.3670000000000001
615,35,Jr,Xavier Tillman,80.2,9.9,23.9,18.3,6.9,2.1,41.0,0.608,0.26
616,10,Fr,Zach Collins,43.1,12.2,23.2,4.4,9.8,1.5,71.5,0.672,0.476
617,13,Fr,Zach LaVine,60.7,2.4,9.5,12.6,0.8,2.1,23.6,0.494,0.375
618,22,Fr,Zeke Nnaji,75.8,11.5,20.4,5.8,3.3,1.3,63.7,0.586,0.294
619,16,Fr,Zhaire Smith,70.5,9.1,11.2,12.1,4.4,2.4,45.8,0.57,0.45
620,1,Fr,Zion Williamson,64.9,12.8,18.0,15.0,5.8,3.9,46.7,0.747,0.338
